code;title
CZ10700;SKIN  REGIMEN EYE BALM ML 12
CZ11688;SKIN REGIMEN JUVENATE CREAM 55 ML
CZ10587;SKIN REGIMEN HYDRA CREAM 55 ML
CZ10838;SUBLIME SKIN EYE CREAM 15 ML
CZ10940;SKIN REGIMEN DISCOVERY KIT
CZ10941;SKIN REGIMEN DISCOVERY KIT
CZ10592;SKIN REGIMEN DUO CLEANSER 190 ML
CZ10591;SKIN REGIMEN JUVENATE BOOSTER 30 ML
CZ10590;SKIN REGIMEN HYDRA BOOSTER 30 ML
EGNUDEPOCHETTE;POCHETTE NUDE THEORY
EGNUDETROUSSE;TROUSSE NUDE THEORY
EGREBELMAT;ROSSETTO REBEL MAT
EGS;EG SHOPPER
PBS;PBS SHOPPER
EGMATITA;MATITA OCCHI/LABBRA
EGTERRA;TERRA ABBRONZANTE JOY
CZ10691;SACRED NATURE BODY BUTTER 250 ML
EGVELVET;CIPRIA COMPATTA VELVET
CZ11012;TRANQUILLITY HAND CREAM 2016
EGDOUBLE;FONDOTINTA DOUBLE LAST
EGFIX;FONDOTINTA FIX AND STAY
EGSUPERPEARLY;TERRA SUPERPEARLY
EGCHIC&SHINE;CHIC & SHINE COMPACT ILLUMINANT
EGSOFT;FARD SOFT GLOW/SMART
EGCORRETTORE;CORRETTORE
EGULTRA;ULTRA LASTING LIP CREAM
EGEXCESS/BB/VELVE;ROSSETTO EXCESS/BB/VELVET LIP
EGCARECOLOUR;ROSSETTO CARE COLOUR
EGMASEXTREME;MASCARA EXTREME VOLUME/LONGER LASH/AQUAPROOF
EGMASCARA;MASCARA HYPERBOLIC/INCREDIBLE
CZ10927;B.S. D-AGE NEW 200ML
CZ10643;E.DAY MAKE UP REMOVER ML 125
CZ10624;A. PURENESS CORRECTOR ML 15
CZ10409;SKIN RESONANCE CREAM NEW 50 ML
CZ10410;SKIN RESONANCE REMEDY OIL ML 25
CZ10881;H. MEMORY CREAM GEL 60ML NEW
CZ10900;H. MEMORY CREAM 60ML NEW
CZ10901;H. MEMORY SERUM 30ML NEW
B1804;MAGLIETTA WATERSOURCE 2015
CZB1946;GIFT CERTIFICATE 20PZ NEW
CZ20334;TRANQUILLITY FACE CREAM 200 ML
CZ20405;B.S. OIL ML 450
CZ20329;SKIN DEFENDER HAND CREAM ML 250
CZ10642;E.DAY TONIC ML 200
EGEYELINER;EYE LINER
EGEXCESS/BB;ROSSETTO EXCESS/BB
EGFULL;GLOSS FULL SHINE
CZ20360;TRANQUILLITY BODY CREAM ML 500
CZ20363;E.DAY BIFASIC ML 500
CZ20148;SACRED NATURE OIL 2 PZ x 950 ML
CZ10746;SKIN DEFENDER CREAM ML 50
CZ10701;SKIN REGIMEN LIP BALM ML 12
CZ10863;SUBLIME SKIN KIT 2015
CZ10878;RENIGHT CREAM NEW 60 ML
CZ10879;RENIGHT OIL NEW 30 ML
CZ20435;RECOVER CREAM PROF NEW 400 ML
CZ20436;RECOVER OIL PROF NEW 230 ML
CZ20437;RECOVER MASK PROF NEW 250 ML
CZ20399;B.S. CREAM ML 400
CZ20407;B.C. LEG GEL ML 400
CZ20410;B.C. PEELING PROF. ML 500
CZ20403;B.S. BAGNI DI PISA MUD 1 KG.
CZ10813;A. PURENESS CLEANSING GEL ML 200
CZ10621;A. PURENESS TONIC ML 200
CZ10625;A. PURENESS HYDRA FLUID ML 30
CZ10402;HYDRAMEMORY EXTRA CREAM 24h ML 50
CZ10828;6IN1 PERFECT BODY ANANAS/PESCA/FRUTTI DI BOSCO NEW
CZ10882;S. SOUL TAN MAXIMIZER 200 ML
CZ10888;S. SOUL OIL SPF6 150 ML
CZ10887;S .SOUL MILK SPF15 150 ML SPRAY
CZ10885;S. SOUL MILK SPF30 150 ML SPRAY
CZ10883;S. SOUL CREAM SPF50 + FACE&BODY 200 ML
CZ10886;S. SOUL CREAM SPF15 FACE 60 ML
CZ10884;S. SOUL CREAM SPF30 FACE 60 ML
CZ10893;S. SOUL KIDS CREAM SPF50 150 ML SPRAY
CZ10891;S. SOUL STICK SPF50+
CZ10889;S .SOUL AFTERSUN FACE CREAM 60 ML
CZ10890;S. SOUL AFTERSUN BOSY CREAM 200 ML
CZ10943;B.S. PATCH 28 PZ NEW
CZ20408;B.S. MASK 1+2 2x1000 ML
CZ20446;B.S. D-AGE PROF 500 ML
CZ20358;A. PURENESS BIPHASIC MASK BASE 1 GR. 300
CZ20353;A. PURENESS BIPHASIC MASK BASE 2 ML 1000
CZ20340;SKIN REGIMEN RENEWER PROFESSIONAL 280 ML
EGCOMPATTO;FONDO TINTA COMPATTO SMOOTHING
EGBRONZER;FONDO TINTA COMPATTO BRONZER
EGPERFECT;FONDO TINTA PERFECT SKIN
EGFARD;FARD SILKY BLUSH
EGELIFTING;LIFTING BASE
EGGLARING;OMBRETTO GLARING
EGOMBRETTO;OMBRETTO
CZ10802;B.S. SCRUB ML 200
CZ10803;B.S. OIL ML 100
CZ10806;B.S. LEG GEL ML 200
CZ10929;B.S. GET FIT KIT CELLULITE
CZ10928;B.S. FIRM UP KIT TONO
CZ10800;B.S. CREAM ML 200
EGMATITATESTER;MATITA OCCHI/LABBRA TESTER
EGTOUCHOFLIGHT;TOUCH OF LIGHT ILLUMINANT
EGCHUBBY;ROSSETTO CHUBBY
EGGELINER;GEL EYE LINER
EGMATITALINER;MATITA EYE LINER
EG5;PENNELLO EYE LINER OBLIQUO N 5
CZ20401;B.S. MASSAGE OIL ML 950
CZ20448;TRANQUILLITY CREAM 500 ML NEW
CZ10712;E. DAY CLEANSING MILK ML 200
CZ10719;SKIN REGIMEN BODY CREAM ML 270
CZ10309;ABSOLUTE PEARL CLEANSING MILK ML 200
CZ10351;ABSOLUTE PEARL TONIC ML 200
CZ10511;ABSOLUTE PEARL NIGHT SERUM ML 300
CZ10514;ABSOLUTE PEARL CREAM ML 50
CZ11351;ABSOLUTE PEARL CORRECTOR ML 15
CZ10622;A. PURENESS SCRUB ML 75
B2258;BRUSHES
B2260;SPOON
B2261;OIL HEATER + TRAY
EGHIGH;FONDO TINTA HIGHLIGHT
CZ11014;SACRED NATURE KIT 2016
CZ11016;MAN SHAVE KIT 2016
CZ11018;SKIN REGIMEN KIT 2016
CZ11017;NIGHT & DAY KIT 2016
CZB1273;SHOPPERS ISTITUZIONALI BIG 10 pz
CZ10785;SUBLIME SKIN CREAM 60 ML
CZ10786;SUBLIME SKIN RICH CREAM 60 ML
CZ10853;SUBLIME SKIN SERUM 30 ML
